Level,Category,Subcategory,Solution
1,Mitigation Strategies,-,-
2,-,Renewable Energy,-
3,-,-,Solar Energy
3,-,-,Wind Energy
3,-,-,Hydroelectric Power
3,-,-,Geothermal Energy
2,-,Energy Efficiency,-
3,-,-,Improved Building Insulation
3,-,-,Energy-Efficient Appliances
3,-,-,LED Lighting
3,-,-,Public Transportation
2,-,Reforestation and Afforestation,-
3,-,-,Reforestation Programs
3,-,-,Forest Preservation
3,-,-,Urban Tree Planting
3,-,-,Agroforestry
2,-,Sustainable Transportation,-
3,-,-,Electric Vehicles
3,-,-,Mass Transit
3,-,-,Cycling Infrastructure
3,-,-,Carpooling
1,Adaptation Measures,-,-
2,-,Climate-Resilient Infrastructure,-
3,-,-,Improved Coastal Defenses
3,-,-,Flood Control Systems
3,-,-,Resilient Buildings
3,-,-,Climate-Ready Transportation
2,-,Water Management,-
3,-,-,Water Recycling
3,-,-,Floodplain Management
3,-,-,Drought-Resilient Agriculture
3,-,-,Stormwater Management
2,-,Ecosystem Restoration,-
3,-,-,Wetland Restoration
3,-,-,Coral Reef Protection
3,-,-,Mangrove Reforestation
3,-,-,Biodiversity Conservation
1,Sustainable Practices,-,-
2,-,Circular Economy,-
3,-,-,Recycling Programs
3,-,-,Waste Reduction
3,-,-,Sustainable Packaging
3,-,-,Extended Producer Responsibility
2,-,Sustainable Agriculture,-
3,-,-,Organic Farming
3,-,-,Precision Agriculture
3,-,-,No-Till Farming
3,-,-,Sustainable Fishing Practices
2,-,Public Awareness,-
3,-,-,Education Campaigns
3,-,-,Climate Literacy
3,-,-,Advocacy and Activism
3,-,-,Sustainability Initiatives
1,Policy and International Cooperation,-,-
2,-,Carbon Pricing,-
3,-,-,Carbon Taxes
3,-,-,Cap and Trade Systems
3,-,-,Carbon Market Regulations
3,-,-,Carbon Offsets
2,-,International Agreements,-
3,-,-,Paris Agreement Commitments
3,-,-,Global Climate Summits
3,-,-,Climate Finance
3,-,-,Technology Transfer
2,-,Climate Regulaation,-
3,-,-,Emission Reduction Targets
3,-,-,Clean energy standards
3,-,-,Climate-Related laws and regulations
3,-,-,Climate Adaptation Plans
